{
	"real_markers": [
		{
			"id": 1,
			"location": [ -887, -32, 176 ],
			"rotation": [ 0, 0, 0 ]
		},
		{
			"id": 2,
			"location": [ -293, 943, 181 ],
			"rotation": [ 0, 0, 0 ]
		},
		{
			"id": 3,
			"location": [ -748, -749, 328 ],
			"rotation": [ 89.999954223632813, 0, 0 ]
		},
		{
			"id": 4,
			"location": [ -1232, -270, 315 ],
			"rotation": [ 90, 0, -30.00007438659668 ]
		}
	]
}